City_ID,City,Lat,Lng,Max Temp,Humidity,Cloudiness,Wind Speed,Country,Date,Current Description
0,Busselton,-33.65,115.3333,59.09,90,54,4.27,AU,2022-02-11 20:23:20,broken clouds
1,Aykhal,66.0,111.5,-7.69,100,99,5.61,RU,2022-02-11 20:28:23,overcast clouds
2,Harnosand,62.6323,17.9379,26.6,71,100,11.97,SE,2022-02-11 20:28:23,overcast clouds
3,Salalah,17.0151,54.0924,73.49,60,20,3.44,OM,2022-02-11 20:28:24,few clouds
4,Lompoc,34.6391,-120.4579,86.68,27,0,4.61,US,2022-02-11 20:28:24,clear sky
5,East London,-33.0153,27.9116,74.66,85,100,6.15,ZA,2022-02-11 20:23:18,light rain
6,Nizhniy Kuranakh,58.8353,125.4869,-17.75,100,99,0.67,RU,2022-02-11 20:28:24,overcast clouds
7,Ushuaia,-54.8,-68.3,56.86,67,75,12.66,AR,2022-02-11 20:21:15,broken clouds
8,Hasaki,35.7333,140.8333,30.6,57,13,13.2,JP,2022-02-11 20:28:25,few clouds
9,Rikitea,-23.1203,-134.9692,79.03,73,4,16.28,PF,2022-02-11 20:23:38,clear sky
10,Thompson,55.7435,-97.8558,-12.84,53,0,8.05,CA,2022-02-11 20:28:25,clear sky
11,Leshukonskoye,64.8989,45.7622,21.04,96,100,6.42,RU,2022-02-11 20:28:26,light snow
12,Borogontsy,62.6683,131.1683,-38.13,100,90,1.57,RU,2022-02-11 20:28:26,overcast clouds
13,Beloha,-25.1667,45.05,74.59,90,55,12.91,MG,2022-02-11 20:28:26,broken clouds
14,Ketchikan,55.3422,-131.6461,39.18,87,100,4.61,US,2022-02-11 20:28:27,overcast clouds
15,Dikson,73.5069,80.5464,1.49,83,100,28.61,RU,2022-02-11 20:28:27,overcast clouds
16,Hilo,19.7297,-155.09,77.79,65,40,5.99,US,2022-02-11 20:24:41,scattered clouds
17,Luderitz,-26.6481,15.1594,78.48,61,100,16.15,NA,2022-02-11 20:23:46,overcast clouds
18,Puerto Ayora,-0.7393,-90.3518,82.36,87,91,4.0,EC,2022-02-11 20:28:27,overcast clouds
19,Punta Arenas,-53.15,-70.9167,57.31,62,0,32.21,CL,2022-02-11 20:23:19,clear sky
20,Sao Joao Da Barra,-21.6403,-41.0511,78.89,85,100,10.29,BR,2022-02-11 20:28:28,overcast clouds
21,Kommunisticheskiy,61.6789,64.4819,2.91,85,100,11.52,RU,2022-02-11 20:28:28,overcast clouds
22,San Cristobal,7.7669,-72.225,71.78,59,83,2.28,VE,2022-02-11 20:25:05,broken clouds
23,Saint-Philippe,-21.3585,55.7679,76.59,72,32,7.81,RE,2022-02-11 20:28:29,scattered clouds
24,Buraydah,26.326,43.975,57.65,32,0,13.8,SA,2022-02-11 20:24:27,clear sky
25,Hermanus,-34.4187,19.2345,66.9,88,0,5.57,ZA,2022-02-11 20:23:36,clear sky
26,Mataura,-46.1927,168.8643,58.48,78,93,5.1,NZ,2022-02-11 20:23:44,overcast clouds
27,Bethel,41.3712,-73.414,55.49,43,0,12.66,US,2022-02-11 20:23:36,clear sky
28,Upernavik,72.7868,-56.1549,-15.18,79,100,14.52,GL,2022-02-11 20:28:30,overcast clouds
29,Bijar,35.8668,47.6051,27.59,93,95,5.55,IR,2022-02-11 20:28:30,overcast clouds
30,Beringovskiy,63.05,179.3167,-28.48,96,42,8.97,RU,2022-02-11 20:28:30,scattered clouds
31,Mysliborz,52.9238,14.8679,37.85,80,74,11.97,PL,2022-02-11 20:28:31,broken clouds
32,Pasighat,28.0667,95.3333,54.46,87,97,3.42,IN,2022-02-11 20:28:31,moderate rain
33,Muros,42.7762,-9.0603,55.83,85,100,2.86,ES,2022-02-11 20:28:31,overcast clouds
34,Hofn,64.2539,-15.2082,29.39,80,100,20.42,IS,2022-02-11 20:27:07,overcast clouds
35,Vaini,-21.2,-175.2,82.56,89,20,6.91,TO,2022-02-11 20:23:40,few clouds
36,Palembang,-2.9167,104.7458,73.76,93,100,3.29,ID,2022-02-11 20:24:29,overcast clouds
37,Pangnirtung,66.1451,-65.7125,3.2,51,75,12.66,CA,2022-02-11 20:28:32,broken clouds
38,Namatanai,-3.6667,152.4333,78.37,81,100,3.13,PG,2022-02-11 20:28:32,overcast clouds
39,Glendive,47.1053,-104.7125,20.82,64,75,16.11,US,2022-02-11 20:28:33,broken clouds
40,Georgetown,5.4112,100.3354,78.89,86,20,4.61,MY,2022-02-11 20:24:32,few clouds
41,Ilulissat,69.2167,-51.1,24.82,80,75,6.91,GL,2022-02-11 20:28:33,light snow
42,Bambous Virieux,-20.3428,57.7575,77.25,88,20,3.44,MU,2022-02-11 20:28:33,few clouds
43,Albany,42.6001,-73.9662,51.75,41,84,3.0,US,2022-02-11 20:19:58,broken clouds
44,Tasiilaq,65.6145,-37.6368,14.16,59,100,5.57,GL,2022-02-11 20:29:34,overcast clouds
45,Carnarvon,-24.8667,113.6333,78.87,73,1,2.3,AU,2022-02-11 20:29:34,clear sky
46,Mar Del Plata,-38.0023,-57.5575,62.62,75,100,23.02,AR,2022-02-11 20:29:10,light rain
47,Laishevo,55.4046,49.5504,28.62,96,83,7.56,RU,2022-02-11 20:29:35,broken clouds
48,Butaritari,3.0707,172.7902,81.46,78,79,15.26,KI,2022-02-11 20:23:34,broken clouds
49,Bubaque,11.2833,-15.8333,79.18,70,74,12.08,GW,2022-02-11 20:29:35,broken clouds
50,Auki,-8.7676,160.7034,75.31,96,100,4.74,SB,2022-02-11 20:29:35,heavy intensity rain
51,Rawson,-43.3002,-65.1023,65.61,42,1,17.31,AR,2022-02-11 20:29:36,clear sky
52,Vetlanda,57.4289,15.0776,29.62,64,0,6.91,SE,2022-02-11 20:29:36,clear sky
53,Apac,1.9756,32.5386,74.75,43,100,2.86,UG,2022-02-11 20:29:36,overcast clouds
54,Klaksvik,62.2266,-6.589,38.32,85,100,18.28,FO,2022-02-11 20:29:37,overcast clouds
55,Kankan,10.3854,-9.3057,80.62,11,5,6.04,GN,2022-02-11 20:29:37,clear sky
56,Ravar,31.2656,56.8055,53.64,26,0,1.32,IR,2022-02-11 20:29:37,clear sky
57,Hambantota,6.1241,81.1185,77.11,88,95,12.68,LK,2022-02-11 20:25:45,overcast clouds
58,Yushu,44.8,126.5333,0.0,97,15,5.77,CN,2022-02-11 20:29:38,few clouds
59,Quatre Cocos,-20.2078,57.7625,77.11,80,30,2.53,MU,2022-02-11 20:29:38,scattered clouds
60,Dingle,10.9995,122.6711,74.88,91,100,6.51,PH,2022-02-11 20:29:38,overcast clouds
61,Yellowknife,62.456,-114.3525,-8.59,82,100,3.44,CA,2022-02-11 20:29:16,overcast clouds
62,Bredasdorp,-34.5322,20.0403,67.32,83,7,2.3,ZA,2022-02-11 20:23:37,clear sky
63,Bluff,-46.6,168.3333,58.8,67,21,14.03,NZ,2022-02-11 20:29:39,few clouds
64,Codrington,-38.2667,141.9667,51.76,90,1,8.12,AU,2022-02-11 20:23:40,clear sky
65,Buxton,53.2574,-1.9098,39.49,87,100,5.01,GB,2022-02-11 20:29:23,overcast clouds
66,Havre-Saint-Pierre,50.2334,-63.5986,23.0,73,0,20.71,CA,2022-02-11 20:29:39,clear sky
67,Sisimiut,66.9395,-53.6735,24.24,93,100,11.48,GL,2022-02-11 20:29:40,snow
68,Okhotsk,59.3833,143.3,-11.74,86,76,8.08,RU,2022-02-11 20:29:40,broken clouds
69,Lebu,-37.6167,-73.65,61.83,62,0,23.6,CL,2022-02-11 20:29:40,clear sky
70,Kruisfontein,-34.0033,24.7314,63.25,81,0,2.06,ZA,2022-02-11 20:29:41,clear sky
71,Chernaya Kholunitsa,58.8511,51.7154,15.06,98,92,4.25,RU,2022-02-11 20:29:41,overcast clouds
72,Victoria,22.2855,114.1577,66.94,88,34,4.0,HK,2022-02-11 20:28:50,scattered clouds
73,Iqaluit,63.7506,-68.5145,1.13,84,100,2.3,CA,2022-02-11 20:29:41,light snow
74,Parana,-31.732,-60.5238,83.03,30,100,21.63,AR,2022-02-11 20:29:42,overcast clouds
75,Guayaramerin,-10.8368,-65.3614,90.43,49,98,3.94,BO,2022-02-11 20:29:42,moderate rain
76,Charlottesville,38.0293,-78.4767,68.65,25,0,11.01,US,2022-02-11 20:27:19,clear sky
77,Longyearbyen,78.2186,15.6401,21.04,86,75,4.61,SJ,2022-02-11 20:29:42,light snow
78,San Ramon,37.7799,-121.978,77.04,45,0,8.05,US,2022-02-11 20:29:40,clear sky
79,Khatanga,71.9667,102.5,1.98,79,66,15.59,RU,2022-02-11 20:29:43,broken clouds
80,Andra,62.5147,65.8878,0.18,91,100,16.17,RU,2022-02-11 20:29:43,overcast clouds
81,Bathsheba,13.2167,-59.5167,83.01,57,40,24.16,BB,2022-02-11 20:29:44,scattered clouds
82,Cidreira,-30.1811,-50.2056,77.47,76,0,19.04,BR,2022-02-11 20:27:08,clear sky
83,Cape Town,-33.9258,18.4232,70.09,79,20,21.85,ZA,2022-02-11 20:29:44,few clouds
84,Hobart,-42.8794,147.3294,53.26,76,75,10.36,AU,2022-02-11 20:29:44,broken clouds
85,Kapaa,22.0752,-159.319,78.12,67,0,5.75,US,2022-02-11 20:29:45,clear sky
86,Talnakh,69.4865,88.3972,-11.33,88,100,9.93,RU,2022-02-11 20:29:44,overcast clouds
87,Tateyama,34.9833,139.8667,39.22,67,13,12.08,JP,2022-02-11 20:29:45,few clouds
88,Pacific Grove,36.6177,-121.9166,80.71,33,0,4.61,US,2022-02-11 20:29:45,clear sky
89,College,64.8569,-147.8028,1.35,75,75,9.22,US,2022-02-11 20:29:46,broken clouds
90,Visconde Do Rio Branco,-21.0103,-42.8406,71.02,96,100,2.48,BR,2022-02-11 20:29:46,overcast clouds
91,Vila Velha,-20.3297,-40.2925,76.95,88,75,11.5,BR,2022-02-11 20:29:46,broken clouds
92,Nikolskoye,59.7035,30.7861,28.29,92,40,7.94,RU,2022-02-11 20:30:47,scattered clouds
93,Umm Kaddadah,13.6017,26.6876,58.66,18,27,13.65,SD,2022-02-11 20:30:47,scattered clouds
94,Kilindoni,-7.9139,39.6668,81.3,76,100,11.9,TZ,2022-02-11 20:30:48,overcast clouds
95,Tuktoyaktuk,69.4541,-133.0374,-20.2,69,75,12.66,CA,2022-02-11 20:23:43,broken clouds
96,Brusyliv,50.2845,29.5263,38.21,94,100,6.78,UA,2022-02-11 20:30:48,overcast clouds
97,Port Blair,11.6667,92.75,75.24,88,40,0.0,IN,2022-02-11 20:27:18,mist
98,Suicheng,33.8963,117.9331,36.1,89,23,3.29,CN,2022-02-11 20:30:49,few clouds
99,George Town,5.4112,100.3354,78.73,86,20,4.61,MY,2022-02-11 20:29:44,few clouds
100,Touros,-5.1989,-35.4608,85.1,75,49,11.3,BR,2022-02-11 20:30:49,scattered clouds
101,Glendale,33.5387,-112.186,79.52,19,0,5.75,US,2022-02-11 20:27:17,clear sky
102,Tomatlan,19.9333,-105.25,87.35,26,0,10.78,MX,2022-02-11 20:30:50,clear sky
103,Marsa Matruh,31.3525,27.2453,55.24,65,5,3.65,EG,2022-02-11 20:30:50,clear sky
104,Mount Gambier,-37.8333,140.7667,48.11,93,0,4.61,AU,2022-02-11 20:30:51,clear sky
105,Port Hardy,50.6996,-127.4199,43.75,81,75,8.05,CA,2022-02-11 20:30:51,broken clouds
106,Dezhou,37.4486,116.2925,34.09,71,52,5.61,CN,2022-02-11 20:30:52,broken clouds
107,Aksarka,66.5606,67.7975,-3.08,89,100,10.25,RU,2022-02-11 20:30:52,overcast clouds
108,Usinsk,65.9939,57.5281,10.54,88,100,14.92,RU,2022-02-11 20:30:52,overcast clouds
109,Esperance,-33.8667,121.9,73.24,93,100,4.76,AU,2022-02-11 20:30:53,moderate rain
110,Altamont,42.2068,-121.7372,56.79,47,0,9.22,US,2022-02-11 20:30:53,clear sky
111,Akdepe,42.0551,59.3788,33.8,62,52,5.53,TM,2022-02-11 20:30:54,broken clouds
112,Alofi,-19.0595,-169.9187,82.29,78,75,8.05,NU,2022-02-11 20:30:54,broken clouds
113,North Myrtle Beach,33.816,-78.68,70.25,60,0,9.22,US,2022-02-11 20:29:35,clear sky
114,New Norfolk,-42.7826,147.0587,52.92,69,28,1.77,AU,2022-02-11 20:30:54,scattered clouds
115,Souillac,-20.5167,57.5167,77.38,88,20,3.44,MU,2022-02-11 20:23:38,few clouds
116,Avarua,-21.2078,-159.775,82.45,74,59,11.5,CK,2022-02-11 20:30:55,broken clouds
117,Hithadhoo,-0.6,73.0833,81.48,70,100,8.16,MV,2022-02-11 20:23:44,overcast clouds
118,Vestmannaeyjar,63.4427,-20.2734,35.17,68,100,16.26,IS,2022-02-11 20:30:55,overcast clouds
119,Bonoua,5.2741,-3.595,83.82,82,24,6.06,CI,2022-02-11 20:30:56,few clouds
120,Nouadhibou,20.931,-17.0347,75.18,46,93,9.22,MR,2022-02-11 20:30:56,overcast clouds
121,Mehamn,71.0357,27.8492,31.91,76,100,20.11,NO,2022-02-11 20:30:56,snow
122,Clyde River,70.4692,-68.5914,-16.37,76,100,33.38,CA,2022-02-11 20:30:57,heavy snow
123,Fortuna,40.5982,-124.1573,73.85,49,20,1.01,US,2022-02-11 20:30:58,few clouds
124,Revda,56.801,59.9303,7.61,96,100,3.94,RU,2022-02-11 20:30:58,overcast clouds
125,Castro,-24.7911,-50.0119,72.28,69,55,6.93,BR,2022-02-11 20:30:59,broken clouds
126,Jamestown,42.097,-79.2353,54.72,42,100,27.63,US,2022-02-11 20:30:24,overcast clouds
127,Norman Wells,65.282,-126.8329,-12.96,70,20,5.75,CA,2022-02-11 20:30:59,few clouds
128,Qaanaaq,77.484,-69.3632,-23.53,60,0,7.34,GL,2022-02-11 20:30:59,clear sky
129,Inhambane,-23.865,35.3833,75.42,76,22,10.25,MZ,2022-02-11 20:31:04,few clouds
130,Egvekinot,66.3167,-179.1667,-21.05,86,2,8.37,RU,2022-02-11 20:31:04,clear sky
131,Westport,41.1415,-73.3579,56.91,46,0,12.66,US,2022-02-11 20:31:05,clear sky
132,Ponta Delgada,37.7333,-25.6667,62.51,67,75,3.44,PT,2022-02-11 20:31:05,broken clouds
133,Mahebourg,-20.4081,57.7,77.29,88,20,3.44,MU,2022-02-11 20:32:05,few clouds
134,Xai-Xai,-25.0519,33.6442,74.28,81,2,8.81,MZ,2022-02-11 20:32:06,clear sky
135,Barrow,71.2906,-156.7887,-27.38,68,100,6.91,US,2022-02-11 20:28:11,haze
136,Chokurdakh,70.6333,147.9167,-4.85,97,100,12.53,RU,2022-02-11 20:32:06,overcast clouds
137,Rincon,32.296,-81.2354,69.71,28,75,6.91,US,2022-02-11 20:32:07,broken clouds
138,Kaitangata,-46.2817,169.8464,60.93,86,91,7.05,NZ,2022-02-11 20:32:07,overcast clouds
139,Kachug,53.9606,105.8817,-31.38,100,95,0.89,RU,2022-02-11 20:32:07,overcast clouds
140,Bengkulu,-3.8004,102.2655,73.92,88,100,4.03,ID,2022-02-11 20:32:07,overcast clouds
141,Lundazi,-12.2929,33.1782,62.31,96,100,3.96,ZM,2022-02-11 20:32:08,overcast clouds
142,Kawalu,-7.3817,108.2082,72.68,91,100,2.39,ID,2022-02-11 20:32:09,overcast clouds
143,Dharchula,29.85,80.5333,41.47,29,0,10.47,IN,2022-02-11 20:32:09,clear sky
144,Maniwaki,46.3834,-75.966,32.54,86,100,10.36,CA,2022-02-11 20:32:10,light snow
145,San Ignacio,17.1561,-89.0714,82.54,65,75,0.0,BZ,2022-02-11 20:32:10,broken clouds
146,Port Elizabeth,-33.918,25.5701,66.49,88,0,3.44,ZA,2022-02-11 20:23:33,clear sky
147,Aleksandrov,56.4,38.71,22.23,96,33,7.05,RU,2022-02-11 20:32:11,scattered clouds
148,Tuatapere,-46.1333,167.6833,57.81,67,35,7.05,NZ,2022-02-11 20:32:11,scattered clouds
149,Aksu,41.1231,80.2644,26.64,45,54,5.37,CN,2022-02-11 20:32:11,broken clouds
150,Iwanai,42.9744,140.5089,19.13,91,100,4.9,JP,2022-02-11 20:32:12,overcast clouds
151,Saint-Pierre,-21.3393,55.4781,76.68,73,0,6.91,RE,2022-02-11 20:32:12,clear sky
152,Twin Falls,42.3505,-114.6445,41.34,61,0,20.71,US,2022-02-11 20:32:12,clear sky
153,Sitka,57.0531,-135.33,44.49,70,100,13.8,US,2022-02-11 20:32:13,overcast clouds
154,Ulaangom,49.9811,92.0667,-27.6,91,90,3.33,MN,2022-02-11 20:30:42,overcast clouds
155,Chuy,-33.6971,-53.4616,79.32,67,94,15.93,UY,2022-02-11 20:23:45,overcast clouds
156,Lavrentiya,65.5833,-171.0,-25.33,94,25,7.2,RU,2022-02-11 20:32:13,scattered clouds
157,Atuona,-9.8,-139.0333,77.77,75,7,13.82,PF,2022-02-11 20:23:39,clear sky
158,Neepawa,50.2289,-99.4664,-5.4,75,8,8.97,CA,2022-02-11 20:32:14,clear sky
159,Ubajara,-3.8544,-40.9211,72.37,70,100,5.35,BR,2022-02-11 20:32:14,overcast clouds
160,Cabo San Lucas,22.8909,-109.9124,78.51,59,0,12.66,MX,2022-02-11 20:28:49,clear sky
161,Nalgonda,17.05,79.2667,67.42,59,43,6.11,IN,2022-02-11 20:32:15,scattered clouds
162,Maragogi,-9.0122,-35.2225,81.86,74,91,12.06,BR,2022-02-11 20:32:15,overcast clouds
163,Lagoa,39.05,-27.9833,59.65,79,98,13.73,PT,2022-02-11 20:32:16,overcast clouds
164,Pevek,69.7008,170.3133,-29.42,100,98,6.69,RU,2022-02-11 20:32:16,overcast clouds
165,Port Alfred,-33.5906,26.891,70.59,85,8,6.13,ZA,2022-02-11 20:23:35,clear sky
166,Sioux Lookout,50.1001,-91.917,-3.62,54,40,14.97,CA,2022-02-11 20:32:16,scattered clouds
167,Jalu,29.0331,21.5482,54.23,51,0,6.87,LY,2022-02-11 20:32:17,clear sky
168,Sur,22.5667,59.5289,67.82,59,0,8.43,OM,2022-02-11 20:32:17,clear sky
169,Plymouth,41.8334,-70.8328,55.78,50,0,12.66,US,2022-02-11 20:32:18,clear sky
170,Seinajoki,62.7945,22.8282,22.33,75,0,5.75,FI,2022-02-11 20:32:18,clear sky
171,Nara,34.6851,135.8049,39.97,62,71,0.76,JP,2022-02-11 20:32:18,broken clouds
172,Camacha,33.0833,-16.3333,61.56,82,40,14.97,PT,2022-02-11 20:23:39,scattered clouds
173,San Patricio,28.017,-97.5169,79.21,44,0,8.21,US,2022-02-11 20:23:44,clear sky
174,Suruc,36.9761,38.425,41.2,63,0,6.22,TR,2022-02-11 20:32:19,clear sky
175,Alvaraes,-3.2208,-64.8042,84.07,92,100,2.91,BR,2022-02-11 20:33:19,light rain
176,Wamba,8.9333,8.6,76.05,12,33,4.61,NG,2022-02-11 20:33:20,scattered clouds
177,Airai,-8.9266,125.4092,60.31,94,100,1.59,TL,2022-02-11 20:33:20,heavy intensity rain
178,Haverfordwest,51.8017,-4.9691,46.06,69,99,7.0,GB,2022-02-11 20:33:20,overcast clouds
179,Linkou,45.3,130.2833,-2.4,96,63,4.63,CN,2022-02-11 20:33:21,broken clouds
180,Alice Springs,-23.7,133.8833,62.15,82,0,0.0,AU,2022-02-11 20:33:09,clear sky
181,Laramie,41.3114,-105.5911,27.16,81,100,13.8,US,2022-02-11 20:33:21,overcast clouds
182,Provideniya,64.3833,-173.3,-15.11,91,8,9.4,RU,2022-02-11 20:33:22,clear sky
183,Rapar,23.5667,70.6333,66.54,30,0,6.71,IN,2022-02-11 20:33:22,clear sky
184,Ambilobe,-13.2,49.05,73.47,96,100,2.89,MG,2022-02-11 20:33:22,light rain
185,Leningradskiy,69.3833,178.4167,-19.98,97,98,4.7,RU,2022-02-11 20:33:23,overcast clouds
186,Celendin,-6.8703,-78.1517,57.72,67,99,7.81,PE,2022-02-11 20:32:21,light rain
187,Samarai,-10.6167,150.6667,80.56,63,39,12.59,PG,2022-02-11 20:33:23,scattered clouds
188,Linxia,35.6003,103.2064,20.75,96,100,2.86,CN,2022-02-11 20:33:24,light snow
189,Cabedelo,-6.9811,-34.8339,84.87,75,92,14.27,BR,2022-02-11 20:33:24,overcast clouds
190,Providencia,28.7167,-111.5833,84.25,22,0,6.87,MX,2022-02-11 20:33:24,clear sky
191,Hamilton,39.1834,-84.5333,58.05,48,100,10.36,US,2022-02-11 20:32:13,overcast clouds
192,Atocha,-20.9333,-66.2333,62.78,16,15,15.21,BO,2022-02-11 20:33:25,few clouds
193,Okha,53.5739,142.9478,18.55,94,100,6.06,RU,2022-02-11 20:32:08,overcast clouds
194,Dudinka,69.4058,86.1778,-9.04,86,100,15.7,RU,2022-02-11 20:33:25,overcast clouds
195,Abu Samrah,35.3029,37.1841,47.1,68,0,5.46,SY,2022-02-11 20:33:25,clear sky
196,Plettenberg Bay,-34.0527,23.3716,65.21,81,0,2.8,ZA,2022-02-11 20:33:26,clear sky
197,Ahipara,-35.1667,173.1667,75.47,92,94,15.12,NZ,2022-02-11 20:23:43,overcast clouds
198,Binga,-17.6203,27.3414,71.51,88,100,2.51,ZW,2022-02-11 20:33:26,light rain
199,Port Lincoln,-34.7333,135.8667,64.99,74,0,13.51,AU,2022-02-11 20:33:27,clear sky
200,Port Hedland,-20.3167,118.5667,82.45,94,60,4.61,AU,2022-02-11 20:33:27,broken clouds
201,Tura,25.5198,90.2201,53.83,68,0,2.24,IN,2022-02-11 20:33:27,clear sky
202,Livingston,55.9029,-3.5226,42.13,78,0,17.27,GB,2022-02-11 20:33:28,clear sky
203,Chapais,49.7834,-74.8492,10.18,95,100,9.1,CA,2022-02-11 20:33:28,light snow
204,Coquimbo,-29.9533,-71.3436,73.13,60,0,14.97,CL,2022-02-11 20:33:28,clear sky
205,Nanortalik,60.1432,-45.2371,29.55,82,100,8.25,GL,2022-02-11 20:33:29,overcast clouds
206,Nome,64.5011,-165.4064,-5.73,59,0,9.22,US,2022-02-11 20:33:29,clear sky
207,Kiunga,-6.1219,141.2906,71.29,98,100,1.28,PG,2022-02-11 20:33:29,overcast clouds
208,Porto Nacional,-10.7081,-48.4172,87.8,82,28,2.68,BR,2022-02-11 20:33:30,scattered clouds
209,Olga,43.7444,135.2892,24.89,96,100,3.11,RU,2022-02-11 20:32:08,snow
210,Hounde,11.5,-3.5167,81.43,9,8,6.85,BF,2022-02-11 20:33:30,clear sky
211,Pokaran,26.9167,71.9167,62.22,24,0,4.7,IN,2022-02-11 20:33:30,clear sky
212,Ribeira Grande,38.5167,-28.7,59.4,72,20,4.61,PT,2022-02-11 20:33:31,few clouds
213,Arbuzynka,47.9097,31.3196,41.94,85,100,3.0,UA,2022-02-11 20:33:31,overcast clouds
214,Broome,42.2506,-75.833,49.8,45,0,12.66,US,2022-02-11 20:33:31,clear sky
215,Honiara,-9.4333,159.95,76.03,97,100,3.09,SB,2022-02-11 20:33:32,heavy intensity rain
216,Avera,33.194,-82.5271,70.72,38,53,11.21,US,2022-02-11 20:33:32,broken clouds
217,Kuito,-12.3833,16.9333,60.8,81,81,4.65,AO,2022-02-11 20:33:32,broken clouds
218,Nhulunbuy,-12.2333,136.7667,79.41,89,84,5.75,AU,2022-02-11 20:33:33,broken clouds
219,Arraial Do Cabo,-22.9661,-42.0278,75.16,88,75,6.91,BR,2022-02-11 20:33:33,light intensity drizzle
220,Songea,-10.6833,35.65,63.48,98,95,2.13,TZ,2022-02-11 20:33:33,light rain
221,Korla,41.7597,86.1469,26.47,49,0,2.64,CN,2022-02-11 20:34:33,clear sky
222,Geraldton,-28.7667,114.6,72.01,88,40,4.61,AU,2022-02-11 20:33:43,scattered clouds
223,Newton,42.337,-71.2092,55.67,39,0,16.11,US,2022-02-11 20:30:18,clear sky
224,Husavik,66.0449,-17.3389,22.91,93,92,6.22,IS,2022-02-11 20:34:34,overcast clouds
225,Sayyan,15.1718,44.3244,55.45,41,3,1.12,YE,2022-02-11 20:34:34,clear sky
226,Hailey,43.5196,-114.3153,35.46,67,0,10.0,US,2022-02-11 20:34:35,clear sky
227,Jinchang,38.4953,102.1739,22.98,80,100,6.98,CN,2022-02-11 20:34:35,overcast clouds
228,Aquiraz,-3.9014,-38.3911,82.49,78,2,11.05,BR,2022-02-11 20:34:35,clear sky
229,San Policarpo,12.1791,125.5072,76.64,95,100,13.62,PH,2022-02-11 20:34:36,overcast clouds
230,Ukiah,39.1502,-123.2078,81.03,36,0,0.0,US,2022-02-11 20:34:36,clear sky
231,Saskylakh,71.9167,114.0833,3.18,92,96,12.66,RU,2022-02-11 20:34:36,overcast clouds
232,Lisakovsk,52.5369,62.4936,23.86,96,100,11.1,KZ,2022-02-11 20:34:37,light snow
233,Homnabad,17.7667,77.1333,65.93,39,12,11.61,IN,2022-02-11 20:34:37,few clouds
234,Zhuhai,22.2769,113.5678,66.69,94,20,2.3,CN,2022-02-11 20:34:37,few clouds
235,Guerrero Negro,27.9769,-114.0611,76.03,22,0,10.6,MX,2022-02-11 20:34:38,clear sky
236,Guadalupe Y Calvo,26.1,-106.9667,57.78,20,0,8.25,MX,2022-02-11 20:34:38,clear sky
237,Kavieng,-2.5744,150.7967,80.29,81,100,5.44,PG,2022-02-11 20:34:38,moderate rain
238,Potiskum,11.7091,11.0694,67.21,19,8,11.72,NG,2022-02-11 20:34:38,clear sky
239,Labuhan,-6.8844,112.2051,74.77,90,100,2.75,ID,2022-02-11 20:34:39,overcast clouds
240,Saint George,37.1041,-113.5841,70.63,25,0,5.75,US,2022-02-11 20:31:01,clear sky
241,Tiksi,71.6872,128.8694,-10.57,92,99,16.33,RU,2022-02-11 20:34:39,overcast clouds
242,Mackay,-21.15,149.2,70.68,94,40,4.61,AU,2022-02-11 20:34:40,scattered clouds
243,Richards Bay,-28.783,32.0377,73.35,88,5,4.99,ZA,2022-02-11 20:34:40,clear sky
244,Port Moresby,-9.4431,147.1797,71.02,94,20,5.75,PG,2022-02-11 20:34:40,few clouds
245,Annau,37.8876,58.516,44.1,81,100,6.91,TM,2022-02-11 20:34:41,overcast clouds
246,Zlobin,45.2924,14.6541,43.9,69,75,12.66,HR,2022-02-11 20:34:41,broken clouds
247,Moreira Sales,-24.0622,-53.0069,85.01,51,0,1.77,BR,2022-02-11 20:34:41,clear sky
248,Quebrada De Arena,15.7667,-85.9167,78.55,83,40,0.0,HN,2022-02-11 20:34:41,scattered clouds
249,Presidente Epitacio,-21.7633,-52.1156,82.2,63,93,7.18,BR,2022-02-11 20:34:42,overcast clouds
250,Malinyi,-8.9333,36.1333,71.69,97,100,2.24,TZ,2022-02-11 20:34:42,light rain
251,Malvern,34.3623,-92.813,71.76,36,48,10.76,US,2022-02-11 20:34:43,scattered clouds
252,Sandpoint,48.2766,-116.5533,46.62,66,0,0.0,US,2022-02-11 20:34:43,clear sky
253,Batsfjord,70.6345,29.7185,30.13,80,40,29.93,NO,2022-02-11 20:34:43,light snow
254,Seshcha,53.7361,33.3387,20.55,94,87,6.2,RU,2022-02-11 20:34:44,overcast clouds
255,Mumford,5.2618,-0.759,80.1,86,46,9.24,GH,2022-02-11 20:34:44,scattered clouds
256,Kosino,58.4127,51.2782,14.59,98,100,3.56,RU,2022-02-11 20:34:44,light snow
257,Cherskiy,68.75,161.3,-36.62,100,90,6.55,RU,2022-02-11 20:34:45,overcast clouds
258,Leh,34.1667,77.5833,-11.29,56,6,4.16,IN,2022-02-11 20:34:45,clear sky
259,Taywarah,33.35,64.4167,17.56,46,0,3.4,AF,2022-02-11 20:34:45,clear sky
260,Placer,39.0666,-120.7677,70.2,31,4,1.01,US,2022-02-11 20:34:46,clear sky
261,San Jose,37.3394,-121.895,80.1,43,20,4.0,US,2022-02-11 20:31:31,few clouds
262,Padang,-0.9492,100.3543,77.5,79,100,4.34,ID,2022-02-11 20:34:22,moderate rain
263,Olafsvik,64.8945,-23.7142,29.88,72,100,18.95,IS,2022-02-11 20:34:46,overcast clouds
264,Iquique,-20.2208,-70.1431,75.24,64,23,8.19,CL,2022-02-11 20:31:15,few clouds
265,Lucapa,-8.4192,20.7447,66.43,93,100,3.53,AO,2022-02-11 20:34:47,light rain
266,Williams Lake,52.1415,-122.1445,36.97,55,20,6.91,CA,2022-02-11 20:30:12,few clouds
267,Mildura,-34.2,142.15,55.36,67,0,8.05,AU,2022-02-11 20:34:47,clear sky
268,Roald,62.5833,6.1333,38.34,87,75,24.16,NO,2022-02-11 20:34:47,broken clouds
269,Vao,-22.6667,167.4833,80.65,83,100,15.05,NC,2022-02-11 20:34:48,light rain
270,Bajil,15.0584,43.2851,77.38,66,2,6.82,YE,2022-02-11 20:35:48,clear sky
271,Gouyave,12.1646,-61.7296,79.57,74,75,20.71,GD,2022-02-11 20:35:49,broken clouds
272,Torbay,47.6666,-52.7314,38.75,85,75,20.71,CA,2022-02-11 20:35:49,broken clouds
273,Stabat,3.761,98.4513,75.4,93,100,2.3,ID,2022-02-11 20:35:49,overcast clouds
274,Talaya,61.3833,152.75,-41.19,96,90,1.14,RU,2022-02-11 20:35:50,overcast clouds
275,Santa Cruz Del Sur,20.7147,-77.9956,82.47,61,23,9.62,CU,2022-02-11 20:35:04,moderate rain
276,Birjand,32.8663,59.2211,46.87,25,0,11.5,IR,2022-02-11 20:35:50,clear sky
277,Muyezerskiy,63.9333,31.65,14.68,92,43,10.31,RU,2022-02-11 20:35:50,scattered clouds
278,Naryan-Mar,67.6713,53.087,16.83,93,100,17.72,RU,2022-02-11 20:35:51,light snow
279,Dondo,-19.6094,34.7431,80.11,83,7,4.83,MZ,2022-02-11 20:35:51,clear sky
280,Mezen,65.8522,44.24,17.73,97,99,5.86,RU,2022-02-11 20:35:51,overcast clouds
281,The Valley,18.217,-63.0578,82.26,57,40,17.27,AI,2022-02-11 20:35:52,scattered clouds
282,Pasni,25.2631,63.471,70.18,60,0,10.0,PK,2022-02-11 20:35:52,clear sky
283,Trairi,-3.2778,-39.2689,79.45,78,10,10.4,BR,2022-02-11 20:35:52,clear sky
284,Lipari,38.4674,14.954,54.16,64,66,5.06,IT,2022-02-11 20:35:53,broken clouds
285,Charlestown,-32.95,151.6667,73.72,66,99,10.0,AU,2022-02-11 20:35:53,overcast clouds
286,Tongliao,43.6125,122.2653,2.01,87,100,3.85,CN,2022-02-11 20:35:53,overcast clouds
287,Vardo,70.3705,31.1107,28.38,86,97,23.02,NO,2022-02-11 20:35:54,overcast clouds
288,Lapao,-11.3833,-41.8319,76.95,56,88,5.97,BR,2022-02-11 20:35:54,overcast clouds
289,Libano,4.9218,-75.0623,79.48,73,61,4.32,CO,2022-02-11 20:35:54,broken clouds
290,Sankt Florian,48.2057,14.3784,39.6,68,75,16.11,AT,2022-02-11 20:35:55,broken clouds
291,Antofagasta,-23.65,-70.4,70.88,68,3,9.1,CL,2022-02-11 20:32:25,clear sky
292,Huarmey,-10.0681,-78.1522,75.15,72,60,10.89,PE,2022-02-11 20:35:55,broken clouds
293,Wajima,37.4,136.9,39.07,65,100,2.37,JP,2022-02-11 20:35:56,overcast clouds
294,Sobolevo,54.4299,31.8996,25.14,97,100,6.35,RU,2022-02-11 20:35:56,overcast clouds
295,Almenara,-16.1836,-40.6944,80.08,64,74,2.51,BR,2022-02-11 20:35:57,broken clouds
296,Mount Isa,-20.7333,139.5,82.17,34,10,12.66,AU,2022-02-11 20:35:57,clear sky
297,Moerai,-22.4333,-151.3333,79.39,73,91,8.05,PF,2022-02-11 20:35:57,overcast clouds
298,Kuching,1.55,110.3333,75.42,94,40,5.01,MY,2022-02-11 20:35:57,scattered clouds
299,Kothapet,19.3333,79.4833,62.83,35,74,5.17,IN,2022-02-11 20:35:58,broken clouds
300,West Bay,19.3667,-81.4167,85.06,71,20,12.66,KY,2022-02-11 20:35:58,few clouds
301,Timmins,48.4669,-81.3331,22.82,86,100,8.05,CA,2022-02-11 20:35:59,snow
302,Rio Gallegos,-51.6226,-69.2181,66.25,39,75,28.77,AR,2022-02-11 20:35:59,broken clouds
303,Blagoyevo,63.3667,47.9167,19.08,95,100,6.91,RU,2022-02-11 20:35:59,light snow
304,Kuopio,62.8924,27.677,19.35,86,0,10.36,FI,2022-02-11 20:36:00,clear sky
305,Show Low,34.2542,-110.0298,57.31,20,0,13.8,US,2022-02-11 20:36:00,clear sky
306,Henties Bay,-22.116,14.2845,71.85,85,42,5.5,NA,2022-02-11 20:36:00,scattered clouds
307,Conceicao Do Araguaia,-8.2578,-49.2647,80.91,83,55,1.12,BR,2022-02-11 20:36:00,light rain
308,Puerto Del Rosario,28.5004,-13.8627,67.75,56,0,0.0,ES,2022-02-11 20:36:01,clear sky
309,Durban,-29.8579,31.0292,80.02,91,96,1.01,ZA,2022-02-11 20:36:01,overcast clouds
310,Hay River,60.8156,-115.7999,-2.22,65,75,4.61,CA,2022-02-11 20:36:01,broken clouds
311,Ekhabi,53.5102,142.9671,18.77,94,100,5.99,RU,2022-02-11 20:36:02,overcast clouds
312,Dabakala,8.3667,-4.4333,81.55,13,6,1.28,CI,2022-02-11 20:36:02,clear sky
313,Dawlatabad,36.4141,64.9053,48.45,55,100,6.89,AF,2022-02-11 20:36:03,overcast clouds
314,Orlovskiy,46.8714,42.0592,40.96,70,100,16.51,RU,2022-02-11 20:36:03,overcast clouds
315,Severo-Kurilsk,50.6789,156.125,24.37,90,100,5.95,RU,2022-02-11 20:36:03,light snow
316,Rorvik,64.8621,11.2373,32.11,86,40,11.5,NO,2022-02-11 20:36:04,scattered clouds
317,Coahuayana,18.7333,-103.6833,83.68,25,0,8.25,MX,2022-02-11 20:37:04,clear sky
318,Troitskoye,52.9821,84.6757,-15.14,100,51,3.69,RU,2022-02-11 20:37:04,broken clouds
319,Ponta Do Sol,32.6667,-17.1,65.03,72,11,5.01,PT,2022-02-11 20:37:05,few clouds
320,Jiuquan,39.7432,98.5174,23.5,61,90,4.56,CN,2022-02-11 20:37:05,overcast clouds
321,Kita,13.0349,-9.4895,77.43,11,8,5.88,ML,2022-02-11 20:37:05,clear sky
322,Tocopilla,-22.092,-70.1979,71.98,63,12,6.49,CL,2022-02-11 20:37:06,few clouds
323,Shelburne,44.0787,-80.2041,34.23,96,100,15.55,CA,2022-02-11 20:37:06,overcast clouds
324,Camana,-16.6228,-72.7111,73.81,69,35,8.46,PE,2022-02-11 20:37:06,scattered clouds
325,Meulaboh,4.1363,96.1285,74.84,85,100,6.2,ID,2022-02-11 20:37:07,overcast clouds
326,Newport,51.5877,-2.9984,44.26,78,91,12.33,GB,2022-02-11 20:37:07,overcast clouds
327,Bandarbeyla,9.4942,50.8122,74.86,62,78,18.75,SO,2022-02-11 20:37:07,broken clouds
328,Tubuala,9.5167,-79.0333,91.56,71,37,14.03,PA,2022-02-11 20:37:08,scattered clouds
329,Derzhavinsk,51.1,66.3167,24.26,96,100,16.2,KZ,2022-02-11 20:37:08,snow
330,Kiama,-34.6833,150.8667,65.37,93,100,3.0,AU,2022-02-11 20:37:09,light rain
331,Jurado,7.1053,-77.7641,81.16,84,99,4.79,CO,2022-02-11 20:37:09,light rain
332,Gannan,47.9147,123.5031,-3.28,92,80,5.55,CN,2022-02-11 20:37:09,broken clouds
333,Tadine,-21.55,167.8833,81.52,81,100,14.29,NC,2022-02-11 20:37:10,overcast clouds
334,Otjimbingwe,-22.35,16.1333,71.74,82,100,3.33,NA,2022-02-11 20:37:10,light rain
335,Saint-Joseph,-21.3667,55.6167,75.58,72,23,5.66,RE,2022-02-11 20:35:10,few clouds
336,Deputatskiy,69.3,139.9,-17.45,96,97,5.64,RU,2022-02-11 20:32:31,overcast clouds
337,San Angelo,31.4638,-100.437,77.95,13,0,11.01,US,2022-02-11 20:37:11,clear sky
338,Pundaguitan,6.3711,126.1689,80.38,79,100,11.01,PH,2022-02-11 20:37:11,overcast clouds
339,Dunedin,-45.8742,170.5036,60.8,85,100,1.99,NZ,2022-02-11 20:33:49,overcast clouds
340,Chimbote,-9.0853,-78.5783,75.6,69,79,10.31,PE,2022-02-11 20:37:11,broken clouds
341,Le Port,-20.9373,55.2919,77.0,78,36,2.42,RE,2022-02-11 20:37:12,scattered clouds
342,Esso,55.9333,158.7,-8.63,94,31,4.14,RU,2022-02-11 20:37:12,scattered clouds
343,Berlevag,70.8578,29.0864,30.15,93,75,23.02,NO,2022-02-11 20:37:12,broken clouds
344,Varberg,57.1056,12.2508,38.05,80,2,13.82,SE,2022-02-11 20:34:25,clear sky
345,Pangody,65.85,74.4859,-4.23,80,24,15.3,RU,2022-02-11 20:37:13,few clouds
346,Funadhoo,6.15,73.2667,81.66,73,99,4.79,MV,2022-02-11 20:37:13,overcast clouds
347,Muravlenko,63.7898,74.523,-8.41,87,27,12.12,RU,2022-02-11 20:37:14,scattered clouds
348,Silvan,38.1419,41.0081,34.09,76,2,2.17,TR,2022-02-11 20:37:14,clear sky
349,Cartagena,10.3997,-75.5144,89.22,55,20,16.11,CO,2022-02-11 20:37:14,few clouds
350,Santa,17.486,120.4348,72.79,77,77,5.08,PH,2022-02-11 20:37:15,broken clouds
351,Kodiak,57.79,-152.4072,38.71,93,100,0.0,US,2022-02-11 20:37:15,light rain
352,Reconquista,-29.15,-59.65,93.45,20,76,20.96,AR,2022-02-11 20:37:15,broken clouds
353,Najran,17.4924,44.1277,66.85,19,0,3.56,SA,2022-02-11 20:37:16,clear sky
354,Marsh Harbour,26.5412,-77.0636,74.5,74,87,13.78,BS,2022-02-11 20:35:30,overcast clouds
355,Cockburn Town,21.4612,-71.1419,77.88,79,0,18.43,TC,2022-02-11 20:37:16,clear sky
356,Yuanping,38.7153,112.7575,27.61,55,68,1.77,CN,2022-02-11 20:37:17,broken clouds
357,Panguna,-6.3164,155.4848,69.58,96,100,2.44,PG,2022-02-11 20:37:17,light rain
358,Rudbar,30.15,62.6,57.67,20,0,4.09,AF,2022-02-11 20:37:17,clear sky
359,Ecoporanga,-18.3733,-40.8306,76.19,84,30,5.44,BR,2022-02-11 20:37:18,scattered clouds
360,Sabang,5.8933,95.3214,81.66,70,100,9.19,ID,2022-02-11 20:37:18,overcast clouds
361,Maraa,-1.8333,-65.3667,79.45,93,100,2.48,BR,2022-02-11 20:37:19,overcast clouds
362,Les Cayes,18.2,-73.75,81.37,61,27,11.43,HT,2022-02-11 20:37:19,scattered clouds
363,Gravdal,68.1214,13.5031,24.69,100,40,3.44,NO,2022-02-11 20:37:19,scattered clouds
364,Covington,39.0837,-84.5086,58.51,48,100,10.36,US,2022-02-11 20:36:49,overcast clouds
365,Kapit,2.0167,112.9333,72.81,100,100,0.34,MY,2022-02-11 20:38:20,overcast clouds
366,Bardiyah,31.7561,25.0865,55.31,65,0,5.77,LY,2022-02-11 20:38:20,clear sky
367,Abu Dhabi,24.4667,54.3667,69.82,75,0,5.75,AE,2022-02-11 20:38:04,clear sky
368,Finschhafen,-6.6024,147.8681,78.75,83,100,4.52,PG,2022-02-11 20:38:20,heavy intensity rain
369,Rocha,-34.4833,-54.3333,75.43,77,98,11.39,UY,2022-02-11 20:38:21,overcast clouds
370,Kabalo,-6.05,26.9167,69.58,97,99,3.96,CD,2022-02-11 20:38:21,overcast clouds
371,Cumana,10.4635,-64.1775,86.09,67,19,17.58,VE,2022-02-11 20:38:21,few clouds
372,Rozivka,46.9385,35.7724,38.53,92,28,8.97,UA,2022-02-11 20:38:22,scattered clouds
373,Seoul,37.5683,126.9778,31.44,87,75,2.3,KR,2022-02-11 20:38:22,mist
374,Sijunjung,-0.6876,100.9537,71.26,97,100,1.54,ID,2022-02-11 20:38:22,overcast clouds
375,Puerto Escondido,15.85,-97.0667,86.83,66,40,9.22,MX,2022-02-11 20:38:23,scattered clouds
376,Ixtapa,20.7,-105.2,74.43,57,40,11.5,MX,2022-02-11 20:38:23,scattered clouds
377,Katsuura,35.1333,140.3,39.31,70,19,12.82,JP,2022-02-11 20:38:23,few clouds
378,Canete,-37.8,-73.4,70.3,44,0,12.1,CL,2022-02-11 20:38:24,clear sky
379,Vetovo,43.7,26.2667,45.81,63,0,6.73,BG,2022-02-11 20:38:24,clear sky
380,Kaeo,-35.1,173.7833,76.32,98,100,13.18,NZ,2022-02-11 20:34:58,overcast clouds
381,Trapani,37.8333,12.6667,49.89,87,20,5.75,IT,2022-02-11 20:38:24,few clouds
382,Shumskiy,54.8318,99.1328,-18.74,99,55,2.91,RU,2022-02-11 20:38:25,broken clouds
383,Saldanha,-33.0117,17.9442,66.25,90,0,18.41,ZA,2022-02-11 20:38:25,clear sky
384,Damaturu,11.747,11.9608,66.13,21,10,10.31,NG,2022-02-11 20:38:26,clear sky
385,Bouillante,16.1304,-61.7692,79.83,69,26,13.94,GP,2022-02-11 20:38:26,scattered clouds
386,Papayal,-4.0761,-80.7361,82.9,52,76,11.61,PE,2022-02-11 20:38:26,broken clouds
387,Manakara,-22.1333,48.0167,75.47,85,32,2.33,MG,2022-02-11 20:38:27,scattered clouds
388,Ust-Maya,60.4167,134.5333,-36.33,100,89,0.49,RU,2022-02-11 20:38:27,overcast clouds
389,La Ronge,55.1001,-105.2842,-12.75,48,75,4.61,CA,2022-02-11 20:38:27,broken clouds
390,Mamallapuram,12.6264,80.1722,79.05,69,32,10.04,IN,2022-02-11 20:38:28,scattered clouds
391,Lahij,13.1667,44.5833,68.32,72,49,5.19,YE,2022-02-11 20:38:28,scattered clouds
392,Alagir,43.0422,44.2222,27.14,70,6,6.24,RU,2022-02-11 20:38:28,clear sky
393,Elko,41.0002,-115.5012,53.62,37,51,2.21,US,2022-02-11 20:38:29,broken clouds
394,Vestmanna,62.1564,-7.1664,36.52,93,100,12.66,FO,2022-02-11 20:38:29,overcast clouds
395,Sungaipenuh,-2.0833,101.3833,64.29,92,100,2.01,ID,2022-02-11 20:38:29,heavy intensity rain
396,Chiriqui Grande,8.95,-82.1167,86.07,71,35,5.37,PA,2022-02-11 20:38:30,scattered clouds
397,Narsaq,60.9167,-46.05,23.22,78,100,6.04,GL,2022-02-11 20:35:01,overcast clouds
398,Peshkovo,47.0187,39.3885,41.88,85,19,18.14,RU,2022-02-11 20:38:30,few clouds
399,Tiznit,29.5833,-9.5,55.51,65,2,2.73,MA,2022-02-11 20:38:30,clear sky
400,Paris,48.8534,2.3488,39.15,83,0,3.44,FR,2022-02-11 20:38:15,clear sky
401,Kedougou,12.5579,-12.1743,81.75,10,19,4.41,SN,2022-02-11 20:38:31,few clouds
402,Sambava,-14.2667,50.1667,78.01,83,63,8.37,MG,2022-02-11 20:38:31,light rain
403,Maneadero,31.7167,-116.5667,69.1,59,0,5.01,MX,2022-02-11 20:38:31,clear sky
404,Fairlie,55.756,-4.8556,44.42,85,100,11.01,GB,2022-02-11 20:38:32,heavy intensity rain
405,Praia Da Vitoria,38.7333,-27.0667,61.05,77,75,5.19,PT,2022-02-11 20:38:32,broken clouds
406,Omboue,-1.5746,9.2618,77.41,89,100,6.46,GA,2022-02-11 20:38:32,light rain
407,Hualmay,-11.0964,-77.6139,74.55,71,28,11.23,PE,2022-02-11 20:38:33,scattered clouds
408,Bozhou,33.8772,115.7703,36.57,85,12,2.73,CN,2022-02-11 20:38:33,few clouds
409,Pathein,16.7833,94.7333,71.89,69,6,11.14,MM,2022-02-11 20:38:33,clear sky
410,Sao Filipe,14.8961,-24.4956,78.57,53,33,15.55,CV,2022-02-11 20:38:34,scattered clouds
411,Grand Gaube,-20.0064,57.6608,77.4,80,81,3.0,MU,2022-02-11 20:38:34,broken clouds
412,Tazovskiy,67.4667,78.7,-3.37,79,98,15.21,RU,2022-02-11 20:38:34,overcast clouds
413,Namibe,-15.1961,12.1522,75.94,83,86,1.83,AO,2022-02-11 20:39:35,overcast clouds
414,Idrinskoye,54.3708,92.1358,-21.87,100,34,1.43,RU,2022-02-11 20:39:35,scattered clouds
415,Monrovia,6.3005,-10.7969,80.37,85,45,8.97,LR,2022-02-11 20:39:35,scattered clouds
416,Khorramshahr,30.4397,48.1664,62.56,82,75,6.91,IR,2022-02-11 20:39:36,broken clouds
417,Luwingu,-10.2621,29.9271,62.11,96,99,2.39,ZM,2022-02-11 20:39:36,overcast clouds
418,Mukhen,48.1,136.1,8.73,98,100,1.95,RU,2022-02-11 20:39:36,overcast clouds
419,Genhe,50.7833,121.5167,-17.95,100,97,1.19,CN,2022-02-11 20:39:37,overcast clouds
420,Concarneau,47.875,-3.9225,39.99,73,100,6.33,FR,2022-02-11 20:39:37,overcast clouds
421,Vorontsovka,50.6132,40.3549,33.66,94,100,12.95,RU,2022-02-11 20:39:38,overcast clouds
422,Eureka,40.8021,-124.1637,74.12,60,0,1.01,US,2022-02-11 20:39:05,clear sky
423,Isiro,2.7739,27.616,76.64,36,100,0.4,CD,2022-02-11 20:39:38,overcast clouds
424,Kerema,-7.9631,145.7785,75.92,79,100,3.42,PG,2022-02-11 20:39:38,overcast clouds
425,Olinda,-8.0089,-34.8553,83.93,70,40,9.22,BR,2022-02-11 20:39:39,scattered clouds
426,Katherine,-14.4667,132.2667,80.92,83,75,4.61,AU,2022-02-11 20:35:18,moderate rain
427,Sorong,-0.8833,131.25,77.9,81,95,4.92,ID,2022-02-11 20:39:39,overcast clouds
428,Takaungu,-3.6837,39.8566,77.81,82,29,11.3,KE,2022-02-11 20:39:39,scattered clouds
429,Nantucket,41.2835,-70.0995,50.97,71,20,10.36,US,2022-02-11 20:38:39,few clouds
430,Bukama,-9.2,25.85,67.89,96,98,2.73,CD,2022-02-11 20:39:40,overcast clouds
431,Pangai,-19.8,-174.35,84.31,70,20,12.66,TO,2022-02-11 20:39:40,few clouds
432,Necochea,-38.5473,-58.7368,63.03,63,100,16.42,AR,2022-02-11 20:39:41,light rain
433,Owando,-0.4819,15.8999,82.26,51,94,2.93,CG,2022-02-11 20:39:41,overcast clouds
434,Caravelas,-17.7125,-39.2481,78.75,77,29,6.55,BR,2022-02-11 20:39:41,scattered clouds
435,Claveria,18.6074,121.0832,72.25,89,38,11.41,PH,2022-02-11 20:39:42,scattered clouds
436,Lazurne,46.084,32.5295,39.02,88,0,4.94,UA,2022-02-11 20:39:42,clear sky
437,Chopovychi,50.8332,28.9533,33.17,99,100,5.57,UA,2022-02-11 20:39:42,light snow
438,Ratanpur,22.3,82.1667,54.84,38,6,4.88,IN,2022-02-11 20:39:43,clear sky
439,Matagami,49.7502,-77.6328,14.11,85,100,5.75,CA,2022-02-11 20:39:43,light snow
440,Urucui,-7.2294,-44.5561,80.24,80,87,1.57,BR,2022-02-11 20:39:44,overcast clouds
441,Acapulco,16.8634,-99.8901,84.02,61,75,8.05,MX,2022-02-11 20:37:50,broken clouds
442,Wuning,29.2589,120.2311,43.45,98,100,2.13,CN,2022-02-11 20:39:44,overcast clouds
443,Santa Fe,-31.6333,-60.7,79.29,49,100,27.54,AR,2022-02-11 20:36:23,overcast clouds
444,Changuinola,9.4333,-82.5167,80.53,76,97,4.38,PA,2022-02-11 20:39:45,overcast clouds
445,Honningsvag,70.9821,25.9704,29.95,86,75,10.36,NO,2022-02-11 20:39:45,light snow
446,Ampanihy,-24.7,44.75,74.21,88,50,12.3,MG,2022-02-11 20:39:45,scattered clouds
447,Ryotsu,38.0833,138.4333,37.67,71,59,1.72,JP,2022-02-11 20:39:46,broken clouds
448,Galveston,29.3669,-94.9669,76.21,59,0,11.5,US,2022-02-11 20:36:19,clear sky
449,Port Augusta,-32.5,137.7667,62.74,49,0,5.95,AU,2022-02-11 20:39:46,clear sky
450,Fully,46.1385,7.1147,39.51,69,0,3.44,CH,2022-02-11 20:39:46,clear sky
451,Oussouye,12.485,-16.5469,80.78,26,4,1.1,SN,2022-02-11 20:39:47,clear sky
452,Naze,28.3667,129.4833,57.49,66,100,7.76,JP,2022-02-11 20:39:47,overcast clouds
453,Bundibugyo,0.7414,30.0417,72.1,54,100,3.11,UG,2022-02-11 20:39:47,overcast clouds
454,Bereda,43.2686,-7.5406,49.01,100,100,2.39,ES,2022-02-11 20:39:48,overcast clouds
455,Chiang Klang,19.2938,100.8617,71.01,63,24,0.69,TH,2022-02-11 20:39:48,few clouds
456,Wuchang,44.9143,127.15,-5.58,100,84,4.45,CN,2022-02-11 20:39:48,broken clouds
457,Narrabri,-30.3167,149.7833,65.52,77,1,5.75,AU,2022-02-11 20:39:49,clear sky
458,Porosozero,62.7191,32.727,21.79,90,100,9.98,RU,2022-02-11 20:39:49,overcast clouds
459,Sinait,17.8664,120.4583,73.92,79,96,4.47,PH,2022-02-11 20:40:50,overcast clouds
460,Sartell,45.6216,-94.2069,15.75,63,75,21.85,US,2022-02-11 20:40:50,broken clouds
461,Talisay,10.2447,123.8494,77.02,94,75,6.91,PH,2022-02-11 20:40:50,broken clouds
462,Kenora,49.8167,-94.4337,-0.42,59,20,16.11,CA,2022-02-11 20:40:50,few clouds
463,Aklavik,68.2191,-135.0107,-19.37,69,20,2.3,CA,2022-02-11 20:40:51,few clouds
464,Dakar,14.6937,-17.4441,90.48,60,0,4.61,SN,2022-02-11 20:36:07,clear sky
465,Nalut,30.3333,10.85,51.67,42,32,8.16,LY,2022-02-11 20:40:51,scattered clouds
466,Abejorral,5.7893,-75.4273,76.05,50,27,0.29,CO,2022-02-11 20:40:52,scattered clouds
467,Igurubi,-4.0,33.7,65.14,93,100,6.46,TZ,2022-02-11 20:40:52,moderate rain
468,Ostersund,63.1792,14.6357,25.25,74,75,13.8,SE,2022-02-11 20:36:27,broken clouds
469,Ambon,-3.6954,128.1814,79.81,80,99,5.5,ID,2022-02-11 20:40:52,overcast clouds
470,Bilibino,68.0546,166.4372,-36.85,97,36,1.83,RU,2022-02-11 20:40:53,scattered clouds
471,Tela,15.7833,-87.45,82.62,83,75,4.61,HN,2022-02-11 20:40:53,broken clouds
472,Killybegs,54.6333,-8.45,44.46,91,100,32.03,IE,2022-02-11 20:40:53,overcast clouds
473,Marawi,7.9986,124.2928,65.64,93,11,1.16,PH,2022-02-11 20:40:54,few clouds
474,Kaoma,-14.7833,24.8,65.39,94,100,2.8,ZM,2022-02-11 20:40:54,overcast clouds
475,Viedma,-40.8135,-62.9967,70.72,18,15,8.19,AR,2022-02-11 20:36:23,few clouds
476,Gemena,3.25,19.7667,78.26,22,64,1.23,CD,2022-02-11 20:40:55,broken clouds
477,Ringkobing,56.0901,8.244,34.92,69,12,12.97,DK,2022-02-11 20:40:55,few clouds
478,Topolobampo,25.6,-109.05,79.05,36,0,11.77,MX,2022-02-11 20:40:55,clear sky
479,Narsipatnam,17.6667,82.6167,74.61,88,70,3.24,IN,2022-02-11 20:40:56,broken clouds
480,Tongren,27.7172,109.1853,40.91,91,100,3.76,CN,2022-02-11 20:40:56,overcast clouds
481,Port-Cartier,50.0334,-66.8654,19.51,86,77,4.52,CA,2022-02-11 20:40:56,broken clouds
482,Cao Bang,22.6667,106.25,56.73,97,100,2.39,VN,2022-02-11 20:40:57,overcast clouds
483,Taft,31.7471,54.2088,49.95,26,20,6.91,IR,2022-02-11 20:40:57,few clouds
484,Karaidel,55.8337,56.9069,16.59,96,99,5.01,RU,2022-02-11 20:40:57,overcast clouds
485,Paita,-5.0892,-81.1144,88.36,68,30,15.39,PE,2022-02-11 20:40:58,scattered clouds
486,Imbituba,-28.24,-48.6703,80.82,72,0,11.92,BR,2022-02-11 20:40:58,clear sky
487,Basoko,1.2391,23.616,80.6,53,95,3.15,CD,2022-02-11 20:40:58,overcast clouds
488,Dobson,36.3957,-80.7226,66.61,28,0,13.8,US,2022-02-11 20:38:40,clear sky
489,Belaya Gora,68.5333,146.4167,-23.58,94,98,5.06,RU,2022-02-11 20:40:59,overcast clouds
490,Madang,-5.2246,145.7966,74.62,91,100,4.18,PG,2022-02-11 20:40:59,overcast clouds
491,Camrose,53.0168,-112.8353,28.38,45,100,10.0,CA,2022-02-11 20:40:59,overcast clouds
492,Warrington,53.3925,-2.5802,42.75,78,20,16.11,GB,2022-02-11 20:41:00,few clouds
493,Sangar,63.9242,127.4739,-38.34,100,91,2.24,RU,2022-02-11 20:41:00,overcast clouds
494,Sao Sebastiao,-23.76,-45.4097,75.78,87,64,4.16,BR,2022-02-11 20:41:00,broken clouds
495,Wilmington,34.2257,-77.9447,66.97,44,100,9.06,US,2022-02-11 20:41:01,overcast clouds
496,Vygonichi,53.0985,34.0673,30.31,74,98,6.71,RU,2022-02-11 20:41:01,overcast clouds
497,Cururupu,-1.8283,-44.8683,78.84,81,98,4.38,BR,2022-02-11 20:41:01,overcast clouds
498,Shenjiamen,29.9576,122.298,46.72,91,100,15.41,CN,2022-02-11 20:41:02,overcast clouds
499,Bairiki,1.3292,172.9752,82.4,74,20,11.5,KI,2022-02-11 20:41:02,few clouds
500,Weligama,5.9667,80.4167,75.02,90,92,5.79,LK,2022-02-11 20:41:02,overcast clouds
501,Ostrovnoy,68.0531,39.5131,20.23,94,100,9.55,RU,2022-02-11 20:41:03,overcast clouds
502,Deshnok,27.7986,73.3447,63.23,26,0,5.55,IN,2022-02-11 20:41:03,clear sky
503,Linqu,36.5156,118.5397,36.09,58,4,3.85,CN,2022-02-11 20:41:03,clear sky
504,Shemursha,54.8866,47.5189,21.27,97,100,4.94,RU,2022-02-11 20:41:04,overcast clouds
505,Isla Vista,34.4133,-119.861,89.67,29,0,5.75,US,2022-02-11 20:41:04,clear sky
506,Haines Junction,60.7522,-137.5108,24.75,68,100,3.44,CA,2022-02-11 20:42:05,overcast clouds
507,Gat,31.61,34.7642,51.4,100,8,5.3,IL,2022-02-11 20:38:02,clear sky
508,Denpasar,-8.65,115.2167,78.46,100,40,2.3,ID,2022-02-11 20:41:45,scattered clouds
509,Kumluca,36.3703,30.2869,49.68,60,0,4.36,TR,2022-02-11 20:42:05,clear sky
510,Svetlogorsk,52.6333,29.7333,31.14,97,100,4.23,BY,2022-02-11 20:42:05,light snow
511,Kibakwe,-6.7167,36.3667,64.65,93,100,1.83,TZ,2022-02-11 20:42:06,light rain
512,Tautira,-17.7333,-149.15,84.22,72,70,16.37,PF,2022-02-11 20:42:06,broken clouds
513,Ilhabela,-23.7781,-45.3581,75.96,85,45,5.55,BR,2022-02-11 20:42:06,scattered clouds
514,Aromashevo,56.8602,68.6375,-2.83,86,88,15.5,RU,2022-02-11 20:42:07,overcast clouds
515,Gandu,-13.7439,-39.4867,75.27,95,6,1.99,BR,2022-02-11 20:42:07,clear sky
516,Sokoni,-6.4333,39.55,80.89,75,100,11.14,TZ,2022-02-11 20:42:07,overcast clouds
517,Smithers,54.7804,-127.1743,26.92,74,75,6.91,CA,2022-02-11 20:42:08,broken clouds
518,Shetpe,44.1667,52.1167,35.13,69,100,10.22,KZ,2022-02-11 20:42:08,overcast clouds
519,Harrisonburg,38.4496,-78.8689,66.79,25,40,13.8,US,2022-02-11 20:38:16,scattered clouds
520,Fairbanks,64.8378,-147.7164,7.83,76,100,9.22,US,2022-02-11 20:40:02,overcast clouds
521,Labuan,5.2767,115.2417,77.36,94,20,2.3,MY,2022-02-11 20:42:08,few clouds
522,Los Llanos De Aridane,28.6585,-17.9182,66.13,35,0,8.99,ES,2022-02-11 20:42:09,clear sky
523,Turayf,31.6725,38.6637,41.25,81,0,9.22,SA,2022-02-11 20:42:09,clear sky
524,Einbeck,51.8167,9.8667,36.57,92,14,2.98,DE,2022-02-11 20:42:09,few clouds
525,Shimoda,34.6667,138.95,36.1,79,95,9.62,JP,2022-02-11 20:42:10,overcast clouds
526,Vostok,46.4856,135.8833,14.22,97,100,2.86,RU,2022-02-11 20:42:10,light snow
527,Qui Nhon,13.7667,109.2333,71.85,88,100,6.55,VN,2022-02-11 20:42:10,overcast clouds
528,Katyr-Yurt,43.1701,45.3711,31.59,73,6,2.93,RU,2022-02-11 20:42:11,clear sky
529,Hovd,48.0056,91.6419,-14.62,87,88,3.94,MN,2022-02-11 20:42:11,overcast clouds
530,Tarauaca,-8.1614,-70.7656,82.24,74,100,1.34,BR,2022-02-11 20:42:11,heavy intensity rain
531,Ranong,9.9658,98.6348,75.54,87,100,3.51,TH,2022-02-11 20:42:12,overcast clouds
532,Mayo,38.8876,-76.5119,68.34,43,0,17.27,US,2022-02-11 20:42:12,clear sky
533,Soubre,5.7856,-6.6083,79.63,72,59,4.81,CI,2022-02-11 20:42:12,broken clouds
534,Kandrian,-6.2167,149.55,77.09,87,100,5.3,PG,2022-02-11 20:42:13,light rain
535,Camopi,3.1655,-52.3158,75.9,97,73,2.48,GF,2022-02-11 20:42:13,broken clouds
536,Mairana,-18.1167,-63.9333,71.33,65,68,5.88,BO,2022-02-11 20:42:13,broken clouds
537,Price,39.5994,-110.8107,54.66,28,0,11.5,US,2022-02-11 20:42:14,clear sky
538,Diamantino,-14.4086,-56.4461,81.25,79,73,4.59,BR,2022-02-11 20:42:14,moderate rain
539,Marystown,47.1666,-55.1483,38.86,100,66,10.0,CA,2022-02-11 20:42:14,broken clouds
540,Kunming,25.0389,102.7183,44.53,61,0,11.18,CN,2022-02-11 20:42:15,clear sky
541,Lasa,46.6166,10.7002,40.91,76,36,7.02,IT,2022-02-11 20:42:15,scattered clouds
542,Bodden Town,19.2833,-81.25,84.99,66,20,12.66,KY,2022-02-11 20:42:16,few clouds
543,Klyuchi,52.2667,79.1667,-15.86,100,84,6.4,RU,2022-02-11 20:42:16,broken clouds
544,Asau,46.4333,26.4,40.95,63,23,6.13,RO,2022-02-11 20:42:16,few clouds
545,Pitrufquen,-38.9833,-72.65,78.82,31,0,12.66,CL,2022-02-11 20:42:17,clear sky
546,Sarmanovo,55.2553,52.5891,27.28,94,100,8.19,RU,2022-02-11 20:42:17,overcast clouds
547,Whitehorse,60.7161,-135.0538,25.57,79,100,15.01,CA,2022-02-11 20:42:17,overcast clouds
548,Pocoes,-14.5297,-40.3653,71.17,79,25,4.83,BR,2022-02-11 20:42:18,scattered clouds
549,Raudeberg,61.9875,5.1352,38.19,94,100,5.01,NO,2022-02-11 20:42:18,overcast clouds
550,Angoche,-16.2325,39.9086,76.69,88,100,3.38,MZ,2022-02-11 20:42:18,light rain
551,Umm Bab,25.2142,50.8072,64.08,56,0,8.66,QA,2022-02-11 20:42:19,clear sky
552,Srednekolymsk,67.45,153.6833,-38.22,100,31,6.17,RU,2022-02-11 20:42:19,scattered clouds
553,Ode,7.7899,5.7117,78.96,16,33,1.32,NG,2022-02-11 20:43:19,scattered clouds
554,Sinegorye,62.0788,150.477,-24.12,88,95,1.79,RU,2022-02-11 20:43:20,overcast clouds
555,Ola,59.5833,151.2833,-6.84,84,97,5.82,RU,2022-02-11 20:43:20,overcast clouds
556,Pyaozerskiy,65.8333,31.1667,17.51,90,96,8.72,RU,2022-02-11 20:43:20,overcast clouds
557,Ciudad Bolivar,8.1222,-63.5497,90.64,39,39,14.52,VE,2022-02-11 20:43:21,scattered clouds
558,Bodmin,50.4715,-4.7243,46.06,75,96,9.22,GB,2022-02-11 20:43:21,overcast clouds
559,Puerto Colombia,10.9878,-74.9547,87.89,75,50,23.91,CO,2022-02-11 20:43:21,scattered clouds
560,Lokosovo,61.1333,74.8167,-10.3,96,5,7.63,RU,2022-02-11 20:43:22,clear sky
561,Ibipeba,-11.6408,-42.0111,77.54,56,98,1.12,BR,2022-02-11 20:43:22,overcast clouds
562,Talas,38.6908,35.5538,20.07,86,1,3.44,TR,2022-02-11 20:43:22,clear sky
563,Kochubey,44.3861,46.5825,37.74,89,29,6.85,RU,2022-02-11 20:43:23,scattered clouds
564,Watertown,42.3709,-71.1828,55.17,40,0,16.11,US,2022-02-11 20:43:23,clear sky
565,Vega De Alatorre,20.0333,-96.6333,70.63,78,45,6.96,MX,2022-02-11 20:43:23,scattered clouds
566,Inuvik,68.3499,-133.7218,-19.34,76,20,3.44,CA,2022-02-11 20:43:24,few clouds
567,Bosobolo,4.1833,19.9,79.07,22,68,1.32,CD,2022-02-11 20:43:24,broken clouds
568,Fredericton,45.9454,-66.6656,40.24,52,100,8.05,CA,2022-02-11 20:43:24,overcast clouds
569,Zhangye,38.9342,100.4517,23.05,57,48,6.89,CN,2022-02-11 20:43:25,scattered clouds
570,Carutapera,-1.195,-46.02,77.29,90,99,6.6,BR,2022-02-11 20:43:25,overcast clouds
571,Honjo,36.2333,139.1833,31.01,56,29,3.27,JP,2022-02-11 20:43:25,scattered clouds
572,Savelugu,9.6244,-0.8253,86.97,9,28,1.83,GH,2022-02-11 20:43:26,scattered clouds
573,Maniitsoq,65.4167,-52.9,28.0,97,100,17.0,GL,2022-02-11 20:43:26,snow
574,Russkaya Polyana,49.417,31.9201,34.9,95,100,1.99,UA,2022-02-11 20:43:26,overcast clouds
575,Hirara,24.8,125.2833,69.15,75,100,17.43,JP,2022-02-11 20:43:27,overcast clouds
576,Goma,-1.6792,29.2228,63.54,81,98,2.86,CD,2022-02-11 20:43:27,overcast clouds
577,Mongu,-15.2484,23.1274,68.72,90,100,4.16,ZM,2022-02-11 20:43:27,overcast clouds
578,Arkhangelsk,64.5401,40.5433,26.71,93,75,4.47,RU,2022-02-11 20:43:28,light shower snow
579,Band,46.5833,24.3833,38.79,87,75,1.14,RO,2022-02-11 20:43:28,broken clouds
580,Walvis Bay,-22.9575,14.5053,72.09,78,30,8.05,NA,2022-02-11 20:43:28,light rain
581,Saint-Leu,-21.15,55.2833,76.06,78,20,2.75,RE,2022-02-11 20:43:29,few clouds
582,Moron,-34.6534,-58.6198,67.8,88,100,16.31,AR,2022-02-11 20:40:57,moderate rain
583,Gornopravdinsk,60.05,69.9,0.97,89,11,10.11,RU,2022-02-11 20:43:29,few clouds
584,Bay Roberts,47.5999,-53.2648,39.51,81,86,13.0,CA,2022-02-11 20:43:29,overcast clouds
585,Phan Thiet,10.9333,108.1,74.43,74,100,5.73,VN,2022-02-11 20:43:30,overcast clouds
586,Independence,39.0911,-94.4155,55.51,44,75,21.85,US,2022-02-11 20:43:30,broken clouds
587,Rosario Oeste,-14.8361,-56.4275,80.47,88,86,3.09,BR,2022-02-11 20:43:30,moderate rain
588,Carahue,-38.7,-73.1667,79.0,42,0,8.97,CL,2022-02-11 20:43:31,clear sky
589,Kahului,20.8947,-156.47,79.86,64,40,3.44,US,2022-02-11 20:43:31,scattered clouds
590,Dingalan,15.3897,121.3929,73.27,90,28,9.84,PH,2022-02-11 20:43:31,scattered clouds
591,Rundu,-17.9333,19.7667,69.85,79,89,8.52,NA,2022-02-11 20:43:32,overcast clouds
592,Nyagan,62.1406,65.3936,1.38,87,100,10.63,RU,2022-02-11 20:43:32,overcast clouds
593,Sao Miguel Do Araguaia,-13.275,-50.1628,77.86,87,82,2.51,BR,2022-02-11 20:43:32,broken clouds
594,Shangrao,28.4532,117.9686,44.46,99,100,2.77,CN,2022-02-11 20:42:15,overcast clouds
595,Yamethin,20.4333,96.15,63.52,30,1,4.99,MM,2022-02-11 20:43:33,clear sky
596,Esna,25.2934,32.554,53.62,39,0,6.17,EG,2022-02-11 20:43:33,clear sky
597,Matabungkay,13.9523,120.6198,77.25,77,89,14.12,PH,2022-02-11 20:44:34,overcast clouds
598,Jejuri,18.2833,74.1667,65.61,35,12,4.65,IN,2022-02-11 20:44:34,few clouds
599,Santa Maria Del Oro,25.9333,-105.3667,65.37,13,0,1.95,MX,2022-02-11 20:44:34,clear sky
600,Ariquemes,-9.9133,-63.0408,77.95,94,99,1.54,BR,2022-02-11 20:44:35,moderate rain
601,Cutlerville,42.8409,-85.6636,39.76,90,100,17.27,US,2022-02-11 20:44:35,overcast clouds
602,Celestun,20.8667,-90.4,75.02,75,47,11.59,MX,2022-02-11 20:44:35,scattered clouds
603,Upata,8.0086,-62.3989,81.19,50,48,9.48,VE,2022-02-11 20:44:36,scattered clouds
604,Flin Flon,54.7682,-101.865,-11.36,49,20,4.61,CA,2022-02-11 20:44:36,few clouds
605,Matiri,-10.75,34.9,60.58,94,100,1.52,TZ,2022-02-11 20:44:36,overcast clouds
606,Saint Charles,38.7667,-90.7335,49.91,77,100,10.36,US,2022-02-11 20:44:37,haze
607,Poum,-20.2333,164.0167,80.47,79,100,7.14,NC,2022-02-11 20:44:37,overcast clouds
608,Xuddur,4.1213,43.8894,73.9,29,16,11.36,SO,2022-02-11 20:44:37,few clouds
609,Ust-Nera,64.5667,143.2,-35.37,99,66,2.48,RU,2022-02-11 20:44:37,broken clouds
610,Jaisalmer,26.9147,70.9181,64.4,20,0,5.73,IN,2022-02-11 20:44:38,clear sky
611,Kingisepp,59.3733,28.6134,23.99,92,71,7.87,RU,2022-02-11 20:44:38,broken clouds
612,Jizan,17.3333,42.6667,77.94,73,93,4.61,SA,2022-02-11 20:44:38,overcast clouds
613,Uinskoye,56.8817,56.5813,17.85,96,100,4.5,RU,2022-02-11 20:44:39,light snow
614,Harper,4.375,-7.7169,79.57,82,52,9.6,LR,2022-02-11 20:44:39,broken clouds
615,Balabac,7.9868,117.0645,80.6,82,72,13.29,PH,2022-02-11 20:44:39,broken clouds
616,Constantine,36.365,6.6147,44.01,75,20,1.14,DZ,2022-02-11 20:42:37,few clouds
617,Santo Augusto,-27.8508,-53.7772,89.06,57,49,3.49,BR,2022-02-11 20:44:40,scattered clouds
618,Antalaha,-14.9003,50.2788,74.55,89,12,6.58,MG,2022-02-11 20:44:40,few clouds
619,Luganville,-15.5333,167.1667,81.84,76,94,3.71,VU,2022-02-11 20:44:41,overcast clouds
620,Poso,-1.3959,120.7524,76.78,85,100,3.65,ID,2022-02-11 20:44:41,overcast clouds
621,Caraballeda,10.6112,-66.8522,87.37,56,20,4.61,VE,2022-02-11 20:44:41,few clouds
622,Kalmunai,7.4167,81.8167,77.34,87,100,3.53,LK,2022-02-11 20:44:42,overcast clouds
623,Valverde Del Camino,37.5751,-6.7543,56.73,57,8,4.63,ES,2022-02-11 20:44:42,clear sky
624,Grand-Santi,4.25,-54.3833,76.44,97,35,3.11,GF,2022-02-11 20:44:42,scattered clouds
625,Grindavik,63.8424,-22.4338,30.67,64,0,13.8,IS,2022-02-11 20:44:43,clear sky
626,Nebolchi,59.1239,33.3454,25.11,93,96,8.08,RU,2022-02-11 20:44:43,overcast clouds
627,Bonthe,7.5264,-12.505,78.51,87,8,10.65,SL,2022-02-11 20:44:43,clear sky
628,Nabire,-3.3667,135.4833,74.84,94,100,2.91,ID,2022-02-11 20:44:44,overcast clouds
629,Alghero,40.5589,8.3181,46.99,93,0,0.0,IT,2022-02-11 20:44:44,clear sky
630,Baghdad,33.3406,44.4009,51.71,66,0,9.22,IQ,2022-02-11 20:41:12,clear sky
631,Progreso,21.2833,-89.6667,86.11,75,29,13.4,MX,2022-02-11 20:44:44,scattered clouds
632,Half Moon Bay,37.4636,-122.4286,80.15,45,0,0.0,US,2022-02-11 20:43:18,clear sky
633,Maltahohe,-24.8333,16.9833,69.28,74,100,7.49,NA,2022-02-11 20:44:45,moderate rain
634,Nicoya,10.1483,-85.452,87.35,49,96,8.12,CR,2022-02-11 20:44:45,overcast clouds
635,Severnyy,50.677,36.5532,30.24,93,75,8.95,RU,2022-02-11 20:44:46,broken clouds
636,Yima,34.7381,111.8839,34.72,75,94,2.48,CN,2022-02-11 20:44:46,overcast clouds
637,Te Anau,-45.4167,167.7167,58.26,73,99,3.27,NZ,2022-02-11 20:44:46,overcast clouds
638,Gympie,-26.1898,152.665,72.32,72,1,6.24,AU,2022-02-11 20:44:46,clear sky
639,Novaya Zaimka,56.4857,66.9241,3.88,82,100,20.07,RU,2022-02-11 20:44:47,overcast clouds
640,Qaqortoq,60.7167,-46.0333,23.5,82,100,6.87,GL,2022-02-11 20:44:47,overcast clouds
641,Tessalit,20.1986,1.0114,68.36,14,1,6.69,ML,2022-02-11 20:44:47,clear sky
642,Sao Felix Do Xingu,-6.6447,-51.995,78.62,85,68,0.98,BR,2022-02-11 20:40:05,broken clouds
643,Havelock,34.8791,-76.9013,67.05,60,75,8.05,US,2022-02-11 20:44:48,broken clouds
644,Kieta,-6.2167,155.6333,78.67,85,100,0.6,PG,2022-02-11 20:44:48,light rain
645,Yeppoon,-23.1333,150.7333,71.38,74,16,10.54,AU,2022-02-11 20:45:48,few clouds
646,Paamiut,61.994,-49.6678,31.14,75,100,20.04,GL,2022-02-11 20:45:49,overcast clouds
647,Kant,27.8,79.8,48.87,54,0,8.23,IN,2022-02-11 20:45:49,clear sky
648,Oktyabrskoye,43.0645,44.7417,24.94,93,8,8.95,RU,2022-02-11 20:45:50,clear sky
649,Mogadishu,2.0371,45.3438,76.62,78,28,21.27,SO,2022-02-11 20:45:50,scattered clouds
650,Sabzevar,36.2126,57.6819,46.56,62,99,8.03,IR,2022-02-11 20:45:51,overcast clouds
651,Punta Gorda,26.9298,-82.0454,82.26,55,0,11.5,US,2022-02-11 20:45:51,clear sky
652,Saint Anthony,45.0205,-93.218,19.33,64,100,20.71,US,2022-02-11 20:45:51,overcast clouds
653,Fayaoue,-20.65,166.5333,82.67,79,100,14.9,NC,2022-02-11 20:45:52,overcast clouds
654,Wanaka,-44.7,169.15,61.11,79,100,1.99,NZ,2022-02-11 20:45:51,overcast clouds
655,Vryburg,-26.9566,24.7284,72.03,62,72,2.26,ZA,2022-02-11 20:45:52,broken clouds
656,Meadow Lake,34.8014,-106.5436,61.57,25,3,13.29,US,2022-02-11 20:45:53,clear sky
657,Pisco,-13.7,-76.2167,82.45,51,0,19.57,PE,2022-02-11 20:45:53,clear sky
658,Jaguey Grande,22.5269,-81.1286,81.25,63,98,2.64,CU,2022-02-11 20:45:53,overcast clouds
659,Kaseda,31.4167,130.3167,46.85,71,100,11.39,JP,2022-02-11 20:45:54,overcast clouds
660,Port Keats,-14.25,129.55,78.94,87,5,5.7,AU,2022-02-11 20:45:54,clear sky
661,Brae,60.3964,-1.353,42.71,77,100,19.24,GB,2022-02-11 20:45:54,overcast clouds
662,Ler,8.3018,30.1418,81.3,22,7,5.95,SS,2022-02-11 20:45:55,clear sky
663,Faanui,-16.4833,-151.75,81.34,73,37,13.49,PF,2022-02-11 20:45:55,scattered clouds
664,Vila Franca Do Campo,37.7167,-25.4333,62.2,70,78,3.42,PT,2022-02-11 20:45:55,broken clouds
665,Hailun,47.45,126.9333,-4.34,99,82,6.82,CN,2022-02-11 20:45:56,broken clouds
666,Masterton,-40.9597,175.6575,66.88,100,100,2.66,NZ,2022-02-11 20:45:56,light rain
667,Methoni,36.8197,21.7049,52.21,68,63,2.73,GR,2022-02-11 20:45:56,broken clouds
668,Vanimo,-2.6741,141.3028,76.46,88,100,5.17,PG,2022-02-11 20:45:57,overcast clouds
669,Baiyin,36.5583,104.2081,23.88,92,100,2.57,CN,2022-02-11 20:45:57,light snow
670,Yushan,31.3776,120.9543,45.99,86,100,7.63,CN,2022-02-11 20:45:58,overcast clouds
671,Margate,51.3813,1.3862,42.31,75,97,1.01,GB,2022-02-11 20:45:59,overcast clouds
672,Strezhevoy,60.7333,77.5889,-11.02,100,43,4.94,RU,2022-02-11 20:45:59,scattered clouds
673,Dandong,40.1292,124.3947,25.74,54,95,8.43,CN,2022-02-11 20:45:59,overcast clouds
674,Saint-Georges,12.0564,-61.7485,80.28,74,75,20.71,GD,2022-02-11 20:46:00,broken clouds
675,Kerrobert,51.9168,-109.1348,17.65,75,100,18.03,CA,2022-02-11 20:46:00,overcast clouds
676,Wuhan,30.5833,114.2667,41.09,88,100,4.7,CN,2022-02-11 20:46:00,overcast clouds
677,Diego De Almagro,-26.3667,-70.05,77.61,26,0,14.58,CL,2022-02-11 20:41:28,clear sky
678,Valley City,46.9233,-98.0032,4.19,66,40,26.46,US,2022-02-11 20:46:01,scattered clouds
679,Pochutla,15.7432,-96.4661,85.82,49,4,9.35,MX,2022-02-11 20:46:01,clear sky
680,Ban Bung,18.3081,100.7044,71.51,70,59,1.21,TH,2022-02-11 20:46:02,broken clouds
681,Sterling,39.0062,-77.4286,68.14,27,20,24.16,US,2022-02-11 20:46:02,few clouds
682,Yuty,-26.6,-56.25,94.42,28,77,3.69,PY,2022-02-11 20:46:03,broken clouds
683,Wabrzezno,53.2799,18.9477,35.89,84,99,14.45,PL,2022-02-11 20:46:03,overcast clouds
684,Kiruna,67.8557,20.2251,9.52,79,40,5.75,SE,2022-02-11 20:41:11,scattered clouds
685,Litovko,49.2361,135.1742,2.66,98,100,3.06,RU,2022-02-11 20:46:03,overcast clouds
686,Svetlyy,54.675,20.1347,33.96,79,94,16.8,RU,2022-02-11 20:46:04,overcast clouds
687,Dodge City,37.7528,-100.0171,52.68,43,75,18.41,US,2022-02-11 20:46:04,broken clouds
688,Mantua,45.1667,10.7833,51.69,83,45,1.01,IT,2022-02-11 20:46:04,scattered clouds
689,Mandalgovi,45.7625,106.2708,-6.27,75,40,5.19,MN,2022-02-11 20:46:05,scattered clouds
690,Ugoofaaru,5.6667,73.0,81.25,73,96,3.67,MV,2022-02-11 20:46:05,overcast clouds
691,Dongsheng,39.8161,109.9776,22.91,47,100,13.58,CN,2022-02-11 20:47:06,overcast clouds
692,Teya,60.3778,92.6267,-19.75,100,22,1.88,RU,2022-02-11 20:47:06,few clouds
693,Emerald,-23.5333,148.1667,70.34,83,0,3.44,AU,2022-02-11 20:47:06,clear sky
694,Inirida,3.8653,-67.9239,84.92,62,88,1.95,CO,2022-02-11 20:47:07,overcast clouds
695,Kapoeta,4.7717,33.5903,86.77,25,84,7.38,SS,2022-02-11 20:47:07,broken clouds
696,Tiassale,5.8983,-4.8283,79.74,77,8,5.21,CI,2022-02-11 20:47:08,clear sky
697,Mabiton,12.8334,123.2612,76.05,89,98,7.92,PH,2022-02-11 20:47:08,moderate rain
698,Alta Floresta,-9.8756,-56.0861,82.22,78,40,4.61,BR,2022-02-11 20:47:08,scattered clouds
699,Batagay-Alyta,67.8006,130.4114,-19.68,88,99,4.36,RU,2022-02-11 20:47:09,overcast clouds
700,Glotovka,53.9491,46.7042,24.46,98,100,2.51,RU,2022-02-11 20:47:09,light snow
701,Comodoro Rivadavia,-45.8667,-67.5,69.66,28,0,18.41,AR,2022-02-11 20:47:09,clear sky
702,Santa Maria,-29.6842,-53.8069,85.3,58,40,5.75,BR,2022-02-11 20:47:10,scattered clouds
703,Bantou,26.2151,117.4893,54.01,97,100,3.0,CN,2022-02-11 20:47:10,overcast clouds
704,Aripuana,-9.1667,-60.6333,79.9,89,100,1.16,BR,2022-02-11 20:47:10,overcast clouds
705,Nakhodka,42.8333,132.8947,23.58,68,12,15.55,RU,2022-02-11 20:47:11,few clouds
